group,name,label,o-issn,p-issn,url,publisher,current-dois,backfile-dois,total-dois,crossref
Communication,First Monday,First-Monday,1396-0466,,https://firstmonday.org/ojs/index.php/fm/index,other,173,2501,2674,T
Communication,Human-Machine Communication,Human-Machine-Communication,2638-6038,,https://stars.library.ucf.edu/hmc/about.html,other,40,41,81,T
Communication,Media and Communication,Media-and-Communication,2183-2439,,https://www.cogitatiopress.com/mediaandcommunication,other,351,754,1105,T
Communication,Communication Theory,Communication-Theory,1468-2885,,https://academic.oup.com/ct,oup,43,1071,1114,T
Communication,Journal of Computer-Mediated Communication,Journal-of-Computer-Mediated-Communication,1083-6101,,https://academic.oup.com/jcmc,oup,86,1063,1149,T
Communication,Journal of Communication,Journal-of-Communication,1460-2466,0021-9916,https://academic.oup.com/JOC,oup,105,4955,5060,T
Communication,Communication Theory,Communication-Theory,1468-2885,,https://academic.oup.com/ct,oup,43,1071,1114,T
Communication,Big Data and Society,Big-Data-and-Society,2053-9517,2053-9517,https://journals.sagepub.com/home/bds,sagepub,240,551,791,T
Communication,Convergence,Convergence,1748-7382,1354-8565,https://journals.sagepub.com/home/con,sagepub,262,1480,1742,T
Communication,Communication Research,Communication-Research,1552-3810,0093-6502,https://journals.sagepub.com/home/crx,sagepub,120,1840,1960,T
Communication,Emerging Media,Emerging-Media,2752-3551,2752-3543,https://journals.sagepub.com/home/EMM,sagepub,66,0,66,T
Communication,Global Media and China,Global-Media-and-China,2059-4372,2059-4364,https://journals.sagepub.com/home/gch,sagepub,117,234,351,T
Communication,"Media, Culture and Society",Media-Culture-and-Society,1460-3675,0163-4437,https://journals.sagepub.com/home/mcs,sagepub,224,3114,3338,T
Communication,New Media and Society,New-Media-and-Society,1461-7315,1461-4448,https://journals.sagepub.com/home/nms,sagepub,542,2927,3469,T
Communication,Plaforms and Society,Plaforms-and-Society,2976-8624,2976-8624,https://journals.sagepub.com/home/pns,sagepub,23,0,23,T
Communication,Social Media and Society,Social-Media-and-Society,2056-3051,,https://journals.sagepub.com/home/sms,sagepub,374,933,1307,T
Communication,Television and New Media,Television-and-New-Media,1552-8316,1527-4764,https://journals.sagepub.com/home/tvn,sagepub,126,1016,1142,T
Communication,Popular Communication,Popular-Communication,1540-5710,1540-5702,https://www.tandfonline.com/journals/hppc20,tandf,39,559,598,T
Communication,"Information, Communication and Society",Inofrmation-Communication-and-Society,1468-4462,1369-118X,https://www.tandfonline.com/journals/rics20,tandf,345,2486,2831,T
Communication,Surveillance and Society,Surveillance-and-Society,1477-7487,,https://ojs.library.queensu.ca/index.php/surveillance-and-society/index,other,106,968,1074,T
Communication,Internet Policy Review,Internet-Policy-Review,2197-6775,,https://policyreview.info/,other,83,304,387,T
Communication,Mobile Media and Communication,Mobile-Media-and-Communication,2050-1587,2050-1579,https://journals.sagepub.com/home/mmc,sagepub,88,369,457,T
Communication,Participations,Participations,1749-8716,,http://www.participations.org/index.htm,other,,,,F
Communication,International Journal of Communication,International-Journal-of-Communication,1932-8036,,https://ijoc.org/index.php/ijoc/,other,,,,F
CulturalStudies,Asiascape: Digital Asia,Asiascape-Digital-Asia,2214-2312,2214-2304,https://brill.com/view/journals/dias/dias-overview.xml?language=en,other,34,164,198,T
CulturalStudies,Public Culture,Public-Culture,1527-8018,0899-2363,https://read.dukeupress.edu/public-culture,other,45,1195,1240,T
CulturalStudies,Cultural Anthropology,Cultural-Anthropology,1548-1360,0886-7356,https://journal.culanth.org/index.php/ca/about,other,56,1267,1323,T
CulturalStudies,Current Anthropology,Current-Anthropology,1537-5382,0011-3204,https://www.journals.uchicago.edu/toc/ca/current,other,158,8334,8492,T
CulturalStudies,"Communication, Culture and Critique",Communication-Culture-and-Critique,1753-9137,,https://academic.oup.com/ccc,oup,93,642,735,T
CulturalStudies,European Journal of Cultural Studies,European-Journal-of-Cultural-Studies,1460-3551,1367-5494,https://journals.sagepub.com/home/ecs,sagepub,202,1248,1450,T
CulturalStudies,International Journal of Cultural Studies,International-Journal-of-Cultural-Studies,1460-356X,1367-8779,https://journals.sagepub.com/home/ics,sagepub,134,1013,1147,T
CulturalStudies,"Theory, Culture and Society",Theory-Culture-and-Society,1460-3616,0263-2764,https://journals.sagepub.com/home/tcs,sagepub,136,2676,2812,T
CulturalStudies,AI and Society,AI-and-Society,1435-5655,0951-5666,https://link.springer.com/journal/146,springer,580,2178,2758,T
CulturalStudies,Cultural Studies,Cultural-Studies,1466-4348,0950-2386,https://www.tandfonline.com/journals/rcus20/,tandf,108,1710,1818,T
CulturalStudies,Social Semiotics,Social-Semiotics,1470-1219,1035-0330,https://www.tandfonline.com/journals/csos20,tandf,102,1141,1243,T
CulturalStudies,Consumption Markets and Culture,Consumption-Markets-and-Culture,1477-223X,1025-3866,https://www.tandfonline.com/journals/gcmc20,tandf,57,769,826,T
CulturalStudies,Journal of Cultural Economy,Journal-of-Cultural-Economy,1753-0369,1753-0350,https://www.tandfonline.com/journals/rjce20/,tandf,160,773,933,T
Gaming,ACM Games,ACM-Games,2832-5516,,https://dl.acm.org/journal/games,acm,67,0,67,T
Gaming,Journal of Gaming and Virtual Worlds,Journal-of-Gaming-and-Virtual-Worlds,1757-1928,1757-191X,https://www.intellectbooks.com/journal-of-gaming-virtual-worlds,other,45,290,335,T
Gaming,Eludamos Journal for Computer Game Culture,Eludamos-Journal-for-Computer-Game-Culture,1866-6124,,https://eludamos.org/index.php/eludamos/index,other,28,184,212,T
Gaming,Games and Culture,Games-and-Culture,1555-4139,1555-4120,https://journals.sagepub.com/home/gac,sagepub,180,612,792,T
Gaming,CHI Play,CHI-Play,,,https://chiplay.acm.org/,acm,,,,F
Gaming,Game Studies,Game-Studies,1604-7982,,https://gamestudies.org/,other,,,,F
Comp,ACM Transactions on the Web,ACM-TWEB,1559-114X,1559-1131,https://dl.acm.org/journal/tweb,acm,112,389,501,T
Comp,ACM Transactions on Social Computing,ACM-TSC,2469-7826,,https://dl.acm.org/journal/tsc,acm,25,84,109,T
Comp,ACM Transactions on Human Robot Interaction,ACM-THRI,2573-9522,,https://dl.acm.org/journal/thri,acm,159,173,332,T
Comp,Proceedings of the ACM on Human-Computer Interaction,ACM-PACMHCI,2573-0142,,https://dl.acm.org/journal/pacmhci,acm,1035,1957,2992,T
Comp,ACM Transactions on Recommender Systems,ACM-TORS,2770-6699,,https://dl.acm.org/journal/tors,acm,117,0,117,T
Comp,ACM Transactions on Computer-Human Interaction TOCHI,ACM-TOCHI,1557-7325,1073-0516,https://dl.acm.org/journal/tochi,acm,,,,T
Comp,ACM Computing Surveys,ACM-CS,1557-7341,0360-0300,,acm,693,2561,3254,T
Comp,International Journal of Human-Computer Studies,International-Journal-of-HumanComputer-Studies,1095-9300,1071-5819,https://www.sciencedirect.com/journal/international-journal-of-human-computer-studies,sciencedirect,341,2594,2935,T
Comp,Behaviour and Information Technology,Behaviour-and-Information-Technology,1362-3001,0144-929X,https://www.tandfonline.com/journals/tbit20,tandf,462,2761,3223,T
Comp,"	International Journal of Human-Computer Interaction",International-Journal-of-HumanComputer-Interaction,1532-7590,1044-7318,https://www.tandfonline.com/journals/hihc20,tandf,1253,2387,3640,T
Comp,Computer Human Interaction CHI,ACM-CHI,,,,acm,,,,F
Comp,ACM Designing Interactive Systems DIS,ACM-DIS,,,,acm,,,,F
Comp,ACM CUI,ACM-CUI,,,,acm,,,,F
Comp,ACM RecSys,ACM-RecSys,,,,acm,,,,F
Comp,ACM UbiComp,ACM-UbiComp,,,,acm,,,,F
Comp,ACM CSCW,ACM-CSCW,,,,acm,,,,F
Comp,Computers in Human Behavior,Computers-in-Human-Behavior,1873-7692,0747-5632,https://www.sciencedirect.com/journal/computers-in-human-behavior,sciencedirect,,,,F
Comp,Entertainment Computing,Entertainment-Computing,1875-953X,1875-9521,https://www.sciencedirect.com/journal/entertainment-computing,sciencedirect,,,,F
Leisure,Annals of Leisure Research,Annals-of-Leisure-Research,2159-6816,1174-5398,https://www.tandfonline.com/journals/ranz20,tandf,49,896,945,T
Leisure,Leisure Studies,Leisure-Studies,1466-4496,0261-4367,https://www.tandfonline.com/journals/rlst20,tandf,193,1571,1764,T
Leisure,World Leisure Journal,World-Leisure-Journal,2333-4509,1607-8055,https://www.tandfonline.com/journals/rwle20,tandf,107,1042,1149,T
Leisure,Journal of Leisure Research,Journal-of-Leisure-Research,2159-6417,2159-6417,https://www.tandfonline.com/journals/ujlr20,tandf,109,1861,1970,T
Leisure,Leisure Sciences,Leisure-Sciences,1521-0588,0149-0400,https://www.tandfonline.com/journals/ulsc20,tandf,203,1569,1772,T
Marketing,Journal of International Marketing,Journal-of-International-Marketing,1547-7215,1069-031X,https://journals.sagepub.com/home/jig,sagepub,49,897,946,T
Marketing,Journal of Marketing,Journal-of-Marketing,1547-7185,0022-2429,https://journals.sagepub.com/home/jmx,sagepub,126,14396,14522,T
Marketing,Journal of Interactive Marketing,Journal-of-Interactive-Marketing,1520-6653,1094-9968,https://journals.sagepub.com/home/jnm,sagepub,68,868,936,T
Marketing,International Journal of Market Research,International-Journal-of-Market-Research,2515-2173,1470-7853,https://journals.sagepub.com/home/mre,sagepub,90,1333,1423,T
Marketing,Journal of Marketing Research,Journal-of-Marketing-Research,1547-7193,0022-2437,https://journals.sagepub.com/home/mrj,sagepub,140,7366,7506,T
Marketing,Consumption Markets and Culture,Consumption-Markets-and-Culture,1477-223X,1025-3866,https://www.tandfonline.com/journals/gcmc20,tandf,57,769,826,T
Marketing,International Journal of Advertising,International-Journal-of-Advertising,1759-3948,0265-0487,https://www.tandfonline.com/journals/rina20,tandf,137,2001,2138,T
Marketing,Journal of Marketing Communications,Journal-of-Marketing-Communications,1466-4445,1352-7266,https://www.tandfonline.com/journals/rjmc20,tandf,132,846,978,T
Marketing,Journal of Advertising,Journal-of-Advertising,1557-7805,0091-3367,https://www.tandfonline.com/journals/ujoa20,tandf,81,2061,2142,T
Sociology,European Sociological Review,European-Sociological-Review,1468-2672,0266-7215,https://academic.oup.com/esr/,oup,144,1952,2096,T
Sociology,Socio-economic Review,Socioeconomic-Review,1475-1461,1475-1461,https://academic.oup.com/ser/,oup,167,835,1002,T
Sociology,Social Forces,Social-Forces,1534-7605,,https://academic.oup.com/sf/,oup,384,22609,22993,T
Sociology,American Sociological Review,American-Sociological-Review,1939-8271,0003-1224,https://journals.sagepub.com/home/asr,sagepub,86,13083,13169,T
Sociology,Contemporary Sociology,Contemporary-Sociology,1939-8638,0094-3061,https://journals.sagepub.com/home/csx,sagepub,562,25607,26169,T
Sociology,Cultural Sociology,Cultural-Sociology,1749-9763,1749-9755,https://journals.sagepub.com/home/cus,sagepub,98,747,845,T
Sociology,European Journal of Social Theory,European-Journal-of-Social-Theory,1461-7137,1368-4310,https://journals.sagepub.com/home/est/,sagepub,105,928,1033,T
Sociology,Sociology,Sociology,1469-8684,0038-0385,https://journals.sagepub.com/home/soc,sagepub,162,7397,7559,T
Sociology,Theory and Society,Theory-and-Society,1573-7853,0304-2421,https://link.springer.com/journal/11186,springer,90,1635,1725,T
Sociology,Economy and Society,Economy-and-Society,1469-5766,0308-5147,https://www.tandfonline.com/journals/reso20,tandf,61,1378,1439,T
Sociology,The Information Society,The-Information-Society,1087-6537,0197-2243,https://www.tandfonline.com/journals/utis20,tandf,50,1350,1400,T
Sociology,Distinktion Journal of Social Theory,Distinktion-Journal-of-Social-Theory,2159-9149,1600-910X,https://www.tandfonline.com/toc/rdis20/,tandf,58,539,597,T
Sociology,Poetics,Poetics,1872-7514,0304-422X,https://www.sciencedirect.com/journal/poetics,sciencedirect,,,,F
Sport,Communication and Sport,Communication-and-Sport,2167-4809,2167-4795,https://journals.sagepub.com/home/com,sagepub,135,418,553,T
Sport,Sport in Society,Sport-in-Society,1743-0445,1743-0437,https://www.tandfonline.com/journals/fcss20,tandf,233,2064,2297,T
Sport,Sport Management Review,Sport-Management-Review,1839-2083,1441-3523,https://www.tandfonline.com/journals/rsmr20,tandf,66,892,958,T
CulturalGeography,Journal of Cultural Geography,Journal-of-Cultural-Geography,1940-6320,0887-3631,https://www.tandfonline.com/journals/rjcg20,tandf,,,,T
CulturalGeography,Social and Cultural Geography,Social-and-Cultural-Geography,1470-1197,1464-9365,https://www.tandfonline.com/journals/rscg20,tandf,,,,T
CulturalGeography,Cultural Geographies,Cultural-Geographies,1477-0881,1474-4740,https://journals.sagepub.com/home/cgj,sagepub,,,,T
CulturalGeography,"Gender, Place and Culture",Gender-Place-and-Culture,1360-0524,0966-369X,https://www.tandfonline.com/journals/cgpc20,tandf,,,,T
CulturalGeography,Environment and Planning D: Society and Space,Environment-and-Planning-D-Society-and-Space,1472-3433,0263-7758,https://journals.sagepub.com/home/epd,sagepub,,,,T
CulturalGeography,Progress in Human Geography,Progress-in-Human-Geography,1477-0288,0309-1325,https://journals.sagepub.com/home/phg,sagepub,,,,T
CulturalGeography,Transactions of the Institute of British Geographers,Transactions-of-the-Institute-of-British-Geographers,1475-5661,0020-2754,https://rgs-ibg.onlinelibrary.wiley.com/journal/14755661,wiley,,,,T
CulturalGeography,Antipode,Antipode,1467-8330,0066-4812,https://onlinelibrary.wiley.com/journal/14678330,wiley,,,,T
CulturalGeography,"Emotion, Space and Society",Emotion-Space-and-Society,1878-0040,1755-4586,https://www.sciencedirect.com/journal/emotion-space-and-society,sciencedirect,,,,F
Communication,Human Communication Research,Human-Communication-Research,1468-2958,0360-3989,https://academic.oup.com/hcr,oup,,,,T
Communication,Communication Monographs,Communication-Monographs,1479-5787,0363-7751,https://www.tandfonline.com/journals/rcmm20,tandf,,,,T
Sociology,American Journal of Sociology,American-Journal-of-Sociology,1537-5390,0002-9602,https://www.journals.uchicago.edu/toc/ajs/current,other,,,,T
Sociology,Annual Review of Sociology,Annual-Review-of-Sociology,1545-2115,0360-0572,https://www.annualreviews.org/journal/soc,other,,,,T
Sociology,British Journal of Sociology,British-Journal-of-Sociology,1468-4446,0007-1315,https://onlinelibrary.wiley.com/journal/14684446,wiley,,,,T
Marketing,Journal of Consumer Research,Journal-of-Consumer-Research,1537-5277,0093-5301,https://academic.oup.com/jcr,oup,,,,T
Marketing,Journal of the Academy of Marketing Science,Journal-of-the-Academy-of-Marketing-Science,1552-7824,0092-0703,https://link.springer.com/journal/11747,springer,,,,T
EastAsianStudies,Journal of Japanese Studies,Journal-of-Japanese-Studies,1549-4721,0095-6848,https://muse.jhu.edu/journal/195,other,,,,T
EastAsianStudies,Monumenta Nipponica,Monumenta-Nipponica,1880-1390,0027-0741,https://muse.jhu.edu/journal/175,other,,,,T
EastAsianStudies,Social Science Japan Journal,Social-Science-Japan-Journal,1468-2680,1369-1465,https://academic.oup.com/ssjj,oup,,,,T
EastAsianStudies,Japanese Studies,Japanese-Studies,1469-9338,1037-1397,https://www.tandfonline.com/journals/cjst20,tandf,,,,T
EastAsianStudies,The Asia-Pacific Journal: Japan Focus,Asia-Pacific-Journal-Japan-Focus,1557-4660,,https://apjjf.org,other,,,,T
EastAsianStudies,The Journal of Asian Studies,Journal-of-Asian-Studies,1752-0401,0021-9118,https://www.cambridge.org/core/journals/journal-of-asian-studies,cambridge,,,,T
EastAsianStudies,Journal of East Asian Studies,Journal-of-East-Asian-Studies,2234-6643,1598-2408,https://www.cambridge.org/core/journals/journal-of-east-asian-studies,cambridge,,,,T
EastAsianStudies,International Journal of Asian Studies,International-Journal-of-Asian-Studies,1479-5922,1479-5914,https://www.cambridge.org/core/journals/international-journal-of-asian-studies,cambridge,,,,T
EastAsianStudies,The China Quarterly,The-China-Quarterly,1468-2648,0305-7410,https://www.cambridge.org/core/journals/china-quarterly,cambridge,,,,T
EastAsianStudies,Korean Studies,Korean-Studies,1529-1529,0145-840X,https://muse.jhu.edu/journal/271,other,,,,T
